ID,Feature_Module,Endpoint_Path,HTTP_Method,Operation_Description,Integration_Status,Repository_File,Model_DTO,UI_Screen_Route
1,Epic 01 - Auth & Security,/api/auth/login,POST,Authenticate user and obtain JWT token,Integrated & Live Verified,lib/features/auth/data/auth_repository.dart,AuthResponseDto,LoginScreen (/login)
2,Epic 01 - Auth & Security,/api/users/change-password,POST,Change user account password,Integrated & Live Verified,lib/features/auth/data/auth_repository.dart,ChangePasswordDto,AppSettingsScreen (/more)
3,Epic 01 - Auth & Security,/api/users,GET,List all system user accounts,Integrated & Live Verified,lib/features/auth/data/auth_repository.dart,UserDto,AppSettingsScreen (/more)
4,Epic 01 - Auth & Security,/api/users,POST,Create new user account,Integrated & Live Verified,lib/features/auth/data/auth_repository.dart,UserDto,AppSettingsScreen (/more)
5,Epic 01 - Auth & Security,/api/users/{id},GET,Get user details by ID,Integrated & Live Verified,lib/features/auth/data/auth_repository.dart,UserDto,AppSettingsScreen (/more)
6,Epic 01 - Auth & Security,/api/users/{id},PUT,Update user profile and permissions,Integrated & Live Verified,lib/features/auth/data/auth_repository.dart,UserDto,AppSettingsScreen (/more)
7,Epic 01 - Auth & Security,/api/users/{id},DELETE,Deactivate or remove user account,Integrated & Live Verified,lib/features/auth/data/auth_repository.dart,UserDto,AppSettingsScreen (/more)
8,Epic 01 - Settings & Roles,/api/app-settings,GET,List global application settings,Integrated & Live Verified,lib/features/auth/data/auth_repository.dart,AppSettingDto,AppSettingsScreen (/more)
9,Epic 01 - Settings & Roles,/api/app-settings,POST,Create new application setting,Integrated & Live Verified,lib/features/auth/data/auth_repository.dart,AppSettingDto,AppSettingsScreen (/more)
10,Epic 01 - Settings & Roles,/api/app-settings/{id},GET,Get application setting by ID,Integrated & Live Verified,lib/features/auth/data/auth_repository.dart,AppSettingDto,AppSettingsScreen (/more)
11,Epic 01 - Settings & Roles,/api/app-settings/{id},PUT,Update application setting,Integrated & Live Verified,lib/features/auth/data/auth_repository.dart,AppSettingDto,AppSettingsScreen (/more)
12,Epic 01 - Settings & Roles,/api/app-settings/{id},DELETE,Delete application setting,Integrated & Live Verified,lib/features/auth/data/auth_repository.dart,AppSettingDto,AppSettingsScreen (/more)
13,Epic 01 - Settings & Roles,/api/company-settings,GET,List company configuration and profile,Integrated & Live Verified,lib/features/auth/data/auth_repository.dart,CompanySettingDto,AppSettingsScreen (/more)
14,Epic 01 - Settings & Roles,/api/company-settings,POST,Create company profile,Integrated & Live Verified,lib/features/auth/data/auth_repository.dart,CompanySettingDto,AppSettingsScreen (/more)
15,Epic 01 - Settings & Roles,/api/company-settings/{id},GET,Get company setting by ID,Integrated & Live Verified,lib/features/auth/data/auth_repository.dart,CompanySettingDto,AppSettingsScreen (/more)
16,Epic 01 - Settings & Roles,/api/company-settings/{id},PUT,Update company profile and tax info,Integrated & Live Verified,lib/features/auth/data/auth_repository.dart,CompanySettingDto,AppSettingsScreen (/more)
17,Epic 01 - Settings & Roles,/api/company-settings/{id},DELETE,Delete company setting,Integrated & Live Verified,lib/features/auth/data/auth_repository.dart,CompanySettingDto,AppSettingsScreen (/more)
18,Epic 01 - Settings & Roles,/api/roles,GET,List user RBAC security roles,Integrated & Live Verified,lib/features/auth/data/auth_repository.dart,RoleDto,AppSettingsScreen (/more)
19,Epic 01 - Settings & Roles,/api/roles,POST,Create security role,Integrated & Live Verified,lib/features/auth/data/auth_repository.dart,RoleDto,AppSettingsScreen (/more)
20,Epic 01 - Settings & Roles,/api/roles/{id},GET,Get security role by ID,Integrated & Live Verified,lib/features/auth/data/auth_repository.dart,RoleDto,AppSettingsScreen (/more)
21,Epic 01 - Settings & Roles,/api/roles/{id},PUT,Update security role permissions,Integrated & Live Verified,lib/features/auth/data/auth_repository.dart,RoleDto,AppSettingsScreen (/more)
22,Epic 01 - Settings & Roles,/api/roles/{id},DELETE,Delete security role,Integrated & Live Verified,lib/features/auth/data/auth_repository.dart,RoleDto,AppSettingsScreen (/more)
23,Epic 02 - Core Master Data,/api/categories,GET,List item categories,Integrated & Live Verified,lib/features/masters/data/repositories/category_repository.dart,CategoryDto,CategoryScreen (/masters/categories)
24,Epic 02 - Core Master Data,/api/categories,POST,Create item category,Integrated & Live Verified,lib/features/masters/data/repositories/category_repository.dart,CategoryDto,CategoryScreen (/masters/categories)
25,Epic 02 - Core Master Data,/api/categories/{id},GET,Get category by ID,Integrated & Live Verified,lib/features/masters/data/repositories/category_repository.dart,CategoryDto,CategoryScreen (/masters/categories)
26,Epic 02 - Core Master Data,/api/categories/{id},PUT,Update item category,Integrated & Live Verified,lib/features/masters/data/repositories/category_repository.dart,CategoryDto,CategoryScreen (/masters/categories)
27,Epic 02 - Core Master Data,/api/categories/{id},DELETE,Delete item category,Integrated & Live Verified,lib/features/masters/data/repositories/category_repository.dart,CategoryDto,CategoryScreen (/masters/categories)
28,Epic 02 - Core Master Data,/api/units,GET,List Units of Measure (UOM),Integrated & Live Verified,lib/features/masters/data/repositories/unit_repository.dart,UnitDto,UnitScreen (/masters/units)
29,Epic 02 - Core Master Data,/api/units,POST,Create new Unit of Measure,Integrated & Live Verified,lib/features/masters/data/repositories/unit_repository.dart,UnitDto,UnitScreen (/masters/units)
30,Epic 02 - Core Master Data,/api/units/{id},GET,Get Unit of Measure by ID,Integrated & Live Verified,lib/features/masters/data/repositories/unit_repository.dart,UnitDto,UnitScreen (/masters/units)
31,Epic 02 - Core Master Data,/api/units/{id},PUT,Update Unit of Measure,Integrated & Live Verified,lib/features/masters/data/repositories/unit_repository.dart,UnitDto,UnitScreen (/masters/units)
32,Epic 02 - Core Master Data,/api/units/{id},DELETE,Delete Unit of Measure,Integrated & Live Verified,lib/features/masters/data/repositories/unit_repository.dart,UnitDto,UnitScreen (/masters/units)
33,Epic 02 - Core Master Data,/api/products,GET,List products and raw materials,Integrated & Live Verified,lib/features/masters/data/repositories/product_repository.dart,ProductDto,ProductListScreen (/masters/products)
34,Epic 02 - Core Master Data,/api/products,POST,Create new product or raw material,Integrated & Live Verified,lib/features/masters/data/repositories/product_repository.dart,ProductDto,ProductFormScreen (/masters/products/new)
35,Epic 02 - Core Master Data,/api/products/{id},GET,Get product details by ID,Integrated & Live Verified,lib/features/masters/data/repositories/product_repository.dart,ProductDto,ProductDetailScreen (/masters/products/:id)
36,Epic 02 - Core Master Data,/api/products/{id},PUT,Update product specifications,Integrated & Live Verified,lib/features/masters/data/repositories/product_repository.dart,ProductDto,ProductFormScreen (/masters/products/:id/edit)
37,Epic 02 - Core Master Data,/api/products/{id},DELETE,Delete product,Integrated & Live Verified,lib/features/masters/data/repositories/product_repository.dart,ProductDto,ProductListScreen (/masters/products)
38,Epic 02 - Core Master Data,/api/warehouses,GET,List plant storage warehouses and silos,Integrated & Live Verified,lib/features/masters/data/repositories/warehouse_repository.dart,WarehouseDto,WarehouseScreen (/masters/warehouses)
39,Epic 02 - Core Master Data,/api/warehouses,POST,Create new warehouse,Integrated & Live Verified,lib/features/masters/data/repositories/warehouse_repository.dart,WarehouseDto,WarehouseScreen (/masters/warehouses)
40,Epic 02 - Core Master Data,/api/warehouses/{id},GET,Get warehouse by ID,Integrated & Live Verified,lib/features/masters/data/repositories/warehouse_repository.dart,WarehouseDto,WarehouseScreen (/masters/warehouses)
41,Epic 02 - Core Master Data,/api/warehouses/{id},PUT,Update warehouse information,Integrated & Live Verified,lib/features/masters/data/repositories/warehouse_repository.dart,WarehouseDto,WarehouseScreen (/masters/warehouses)
42,Epic 02 - Core Master Data,/api/warehouses/{id},DELETE,Delete warehouse,Integrated & Live Verified,lib/features/masters/data/repositories/warehouse_repository.dart,WarehouseDto,WarehouseScreen (/masters/warehouses)
43,Epic 02 - Core Master Data,/api/document-sequences,GET,List auto-numbering document sequences,Integrated & Live Verified,lib/features/masters/data/repositories/sequence_repository.dart,DocumentSequenceDto,SequenceScreen (/masters/sequences)
44,Epic 02 - Core Master Data,/api/document-sequences,POST,Create document sequence formula,Integrated & Live Verified,lib/features/masters/data/repositories/sequence_repository.dart,DocumentSequenceDto,SequenceScreen (/masters/sequences)
45,Epic 02 - Core Master Data,/api/document-sequences/{id},GET,Get document sequence by ID,Integrated & Live Verified,lib/features/masters/data/repositories/sequence_repository.dart,DocumentSequenceDto,SequenceScreen (/masters/sequences)
46,Epic 02 - Core Master Data,/api/document-sequences/{id},PUT,Update document sequence formula,Integrated & Live Verified,lib/features/masters/data/repositories/sequence_repository.dart,DocumentSequenceDto,SequenceScreen (/masters/sequences)
47,Epic 02 - Core Master Data,/api/document-sequences/{id},DELETE,Delete document sequence,Integrated & Live Verified,lib/features/masters/data/repositories/sequence_repository.dart,DocumentSequenceDto,SequenceScreen (/masters/sequences)
48,Epic 03 - Partner Masters,/api/suppliers,GET,List raw material vendors,Integrated & Live Verified,lib/features/partners/data/repositories/supplier_repository.dart,SupplierDto,SupplierListScreen (/partners/suppliers)
49,Epic 03 - Partner Masters,/api/suppliers,POST,Create supplier profile,Integrated & Live Verified,lib/features/partners/data/repositories/supplier_repository.dart,SupplierDto,SupplierFormScreen (/partners/suppliers/new)
50,Epic 03 - Partner Masters,/api/suppliers/{id},GET,Get supplier by ID,Integrated & Live Verified,lib/features/partners/data/repositories/supplier_repository.dart,SupplierDto,SupplierFormScreen (/partners/suppliers/:id/edit)
51,Epic 03 - Partner Masters,/api/suppliers/{id},PUT,Update supplier details and GSTIN,Integrated & Live Verified,lib/features/partners/data/repositories/supplier_repository.dart,SupplierDto,SupplierFormScreen (/partners/suppliers/:id/edit)
52,Epic 03 - Partner Masters,/api/suppliers/{id},DELETE,Delete supplier,Integrated & Live Verified,lib/features/partners/data/repositories/supplier_repository.dart,SupplierDto,SupplierListScreen (/partners/suppliers)
53,Epic 03 - Partner Masters,/api/customers,GET,List buyers and distribution accounts,Integrated & Live Verified,lib/features/partners/data/repositories/customer_repository.dart,CustomerDto,CustomerListScreen (/partners/customers)
54,Epic 03 - Partner Masters,/api/customers,POST,Create customer profile,Integrated & Live Verified,lib/features/partners/data/repositories/customer_repository.dart,CustomerDto,CustomerFormScreen (/partners/customers/new)
55,Epic 03 - Partner Masters,/api/customers/{id},GET,Get customer by ID,Integrated & Live Verified,lib/features/partners/data/repositories/customer_repository.dart,CustomerDto,CustomerFormScreen (/partners/customers/:id/edit)
56,Epic 03 - Partner Masters,/api/customers/{id},PUT,Update customer credit limit and terms,Integrated & Live Verified,lib/features/partners/data/repositories/customer_repository.dart,CustomerDto,CustomerFormScreen (/partners/customers/:id/edit)
57,Epic 03 - Partner Masters,/api/customers/{id},DELETE,Delete customer,Integrated & Live Verified,lib/features/partners/data/repositories/customer_repository.dart,CustomerDto,CustomerListScreen (/partners/customers)
58,Epic 03 - Partner Masters,/api/transporters,GET,List logistics freight carriers,Integrated & Live Verified,lib/features/partners/data/repositories/transporter_repository.dart,TransporterDto,TransporterListScreen (/partners/transporters)
59,Epic 03 - Partner Masters,/api/transporters,POST,Create transporter account,Integrated & Live Verified,lib/features/partners/data/repositories/transporter_repository.dart,TransporterDto,TransporterFormScreen (/partners/transporters/new)
60,Epic 03 - Partner Masters,/api/transporters/{id},GET,Get transporter by ID,Integrated & Live Verified,lib/features/partners/data/repositories/transporter_repository.dart,TransporterDto,TransporterFormScreen (/partners/transporters/:id/edit)
61,Epic 03 - Partner Masters,/api/transporters/{id},PUT,Update transporter details,Integrated & Live Verified,lib/features/partners/data/repositories/transporter_repository.dart,TransporterDto,TransporterFormScreen (/partners/transporters/:id/edit)
62,Epic 03 - Partner Masters,/api/transporters/{id},DELETE,Delete transporter,Integrated & Live Verified,lib/features/partners/data/repositories/transporter_repository.dart,TransporterDto,TransporterListScreen (/partners/transporters)
63,Epic 03 - Partner Masters,/api/vehicles,GET,List fleet trucks and vehicles,Integrated & Live Verified,lib/features/partners/data/repositories/vehicle_repository.dart,VehicleDto,VehicleListScreen (/partners/vehicles)
64,Epic 03 - Partner Masters,/api/vehicles,POST,Create fleet vehicle,Integrated & Live Verified,lib/features/partners/data/repositories/vehicle_repository.dart,VehicleDto,VehicleListScreen (/partners/vehicles)
65,Epic 03 - Partner Masters,/api/vehicles/{id},GET,Get vehicle by ID,Integrated & Live Verified,lib/features/partners/data/repositories/vehicle_repository.dart,VehicleDto,VehicleListScreen (/partners/vehicles)
66,Epic 03 - Partner Masters,/api/vehicles/{id},PUT,Update vehicle registration and driver,Integrated & Live Verified,lib/features/partners/data/repositories/vehicle_repository.dart,VehicleDto,VehicleListScreen (/partners/vehicles)
67,Epic 03 - Partner Masters,/api/vehicles/{id},DELETE,Delete vehicle,Integrated & Live Verified,lib/features/partners/data/repositories/vehicle_repository.dart,VehicleDto,VehicleListScreen (/partners/vehicles)
68,Epic 03 - Partner Masters,/api/payment-methods,GET,List accepted payment channels (Bank UPI Cash),Integrated & Live Verified,lib/features/partners/data/repositories/payment_method_repository.dart,PaymentMethodDto,PaymentMethodScreen (/partners/payment-methods)
69,Epic 03 - Partner Masters,/api/payment-methods,POST,Create payment method,Integrated & Live Verified,lib/features/partners/data/repositories/payment_method_repository.dart,PaymentMethodDto,PaymentMethodScreen (/partners/payment-methods)
70,Epic 03 - Partner Masters,/api/payment-methods/{id},GET,Get payment method by ID,Integrated & Live Verified,lib/features/partners/data/repositories/payment_method_repository.dart,PaymentMethodDto,PaymentMethodScreen (/partners/payment-methods)
71,Epic 03 - Partner Masters,/api/payment-methods/{id},PUT,Update payment method,Integrated & Live Verified,lib/features/partners/data/repositories/payment_method_repository.dart,PaymentMethodDto,PaymentMethodScreen (/partners/payment-methods)
72,Epic 03 - Partner Masters,/api/payment-methods/{id},DELETE,Delete payment method,Integrated & Live Verified,lib/features/partners/data/repositories/payment_method_repository.dart,PaymentMethodDto,PaymentMethodScreen (/partners/payment-methods)
73,Epic 04 - Purchasing & GRN,/api/purchases,GET,List purchase orders,Integrated & Live Verified,lib/features/purchasing/data/repositories/purchase_repository.dart,PurchaseDto,PurchaseListScreen (/purchases)
74,Epic 04 - Purchasing & GRN,/api/purchases,POST,Create raw material purchase order,Integrated & Live Verified,lib/features/purchasing/data/repositories/purchase_repository.dart,PurchaseDto,PurchaseOrderFormScreen (/purchases/new)
75,Epic 04 - Purchasing & GRN,/api/purchases/{id},GET,Get purchase order details,Integrated & Live Verified,lib/features/purchasing/data/repositories/purchase_repository.dart,PurchaseDto,PurchaseDetailScreen (/purchases/:id)
76,Epic 04 - Purchasing & GRN,/api/purchases/{id},PUT,Update purchase order,Integrated & Live Verified,lib/features/purchasing/data/repositories/purchase_repository.dart,PurchaseDto,PurchaseDetailScreen (/purchases/:id)
77,Epic 04 - Purchasing & GRN,/api/purchases/{id},DELETE,Cancel purchase order,Integrated & Live Verified,lib/features/purchasing/data/repositories/purchase_repository.dart,PurchaseDto,PurchaseDetailScreen (/purchases/:id)
78,Epic 04 - Purchasing & GRN,/api/purchase-details,GET,List purchase detail items,Integrated & Live Verified,lib/features/purchasing/data/repositories/purchase_repository.dart,PurchaseDetailDto,PurchaseDetailScreen (/purchases/:id)
79,Epic 04 - Purchasing & GRN,/api/purchase-details,POST,Add item to purchase order,Integrated & Live Verified,lib/features/purchasing/data/repositories/purchase_repository.dart,PurchaseDetailDto,PurchaseOrderFormScreen (/purchases/new)
80,Epic 04 - Purchasing & GRN,/api/purchase-details/{id},GET,Get purchase detail item by ID,Integrated & Live Verified,lib/features/purchasing/data/repositories/purchase_repository.dart,PurchaseDetailDto,PurchaseDetailScreen (/purchases/:id)
81,Epic 04 - Purchasing & GRN,/api/purchase-details/{id},PUT,Update purchase detail item,Integrated & Live Verified,lib/features/purchasing/data/repositories/purchase_repository.dart,PurchaseDetailDto,PurchaseDetailScreen (/purchases/:id)
82,Epic 04 - Purchasing & GRN,/api/purchase-details/{id},DELETE,Remove purchase detail item,Integrated & Live Verified,lib/features/purchasing/data/repositories/purchase_repository.dart,PurchaseDetailDto,PurchaseDetailScreen (/purchases/:id)
83,Epic 04 - Purchasing & GRN,/api/goods-receipts,GET,List Goods Receipt Notes (GRN),Integrated & Live Verified,lib/features/purchasing/data/repositories/goods_receipt_repository.dart,GoodsReceiptDto,GoodsReceiptFormScreen (/purchases/:id/grn)
84,Epic 04 - Purchasing & GRN,/api/goods-receipts,POST,Confirm inward goods receipt,Integrated & Live Verified,lib/features/purchasing/data/repositories/goods_receipt_repository.dart,GoodsReceiptDto,GoodsReceiptFormScreen (/purchases/:id/grn)
85,Epic 04 - Purchasing & GRN,/api/goods-receipts/{id},GET,Get goods receipt note by ID,Integrated & Live Verified,lib/features/purchasing/data/repositories/goods_receipt_repository.dart,GoodsReceiptDto,GoodsReceiptFormScreen (/purchases/:id/grn)
86,Epic 04 - Purchasing & GRN,/api/goods-receipts/{id},PUT,Update goods receipt note,Integrated & Live Verified,lib/features/purchasing/data/repositories/goods_receipt_repository.dart,GoodsReceiptDto,GoodsReceiptFormScreen (/purchases/:id/grn)
87,Epic 04 - Purchasing & GRN,/api/goods-receipts/{id},DELETE,Delete goods receipt note,Integrated & Live Verified,lib/features/purchasing/data/repositories/goods_receipt_repository.dart,GoodsReceiptDto,GoodsReceiptFormScreen (/purchases/:id/grn)
88,Epic 04 - Purchasing & GRN,/api/goods-receipt-details,GET,List GRN received line items,Integrated & Live Verified,lib/features/purchasing/data/repositories/goods_receipt_repository.dart,GoodsReceiptDetailDto,GoodsReceiptFormScreen (/purchases/:id/grn)
89,Epic 04 - Purchasing & GRN,/api/goods-receipt-details,POST,Add received item to GRN,Integrated & Live Verified,lib/features/purchasing/data/repositories/goods_receipt_repository.dart,GoodsReceiptDetailDto,GoodsReceiptFormScreen (/purchases/:id/grn)
90,Epic 04 - Purchasing & GRN,/api/goods-receipt-details/{id},GET,Get GRN received item by ID,Integrated & Live Verified,lib/features/purchasing/data/repositories/goods_receipt_repository.dart,GoodsReceiptDetailDto,GoodsReceiptFormScreen (/purchases/:id/grn)
91,Epic 04 - Purchasing & GRN,/api/goods-receipt-details/{id},PUT,Update GRN received item,Integrated & Live Verified,lib/features/purchasing/data/repositories/goods_receipt_repository.dart,GoodsReceiptDetailDto,GoodsReceiptFormScreen (/purchases/:id/grn)
92,Epic 04 - Purchasing & GRN,/api/goods-receipt-details/{id},DELETE,Remove item from GRN,Integrated & Live Verified,lib/features/purchasing/data/repositories/goods_receipt_repository.dart,GoodsReceiptDetailDto,GoodsReceiptFormScreen (/purchases/:id/grn)
93,Epic 04 - Purchasing & GRN,/api/vendor-payments,GET,List vendor payment vouchers,Integrated & Live Verified,lib/features/purchasing/data/repositories/vendor_payment_repository.dart,VendorPaymentDto,VendorPaymentFormScreen (/purchases/:id/pay)
94,Epic 04 - Purchasing & GRN,/api/vendor-payments,POST,Record vendor payout voucher,Integrated & Live Verified,lib/features/purchasing/data/repositories/vendor_payment_repository.dart,VendorPaymentDto,VendorPaymentFormScreen (/purchases/:id/pay)
95,Epic 04 - Purchasing & GRN,/api/vendor-payments/{id},GET,Get vendor payout voucher by ID,Integrated & Live Verified,lib/features/purchasing/data/repositories/vendor_payment_repository.dart,VendorPaymentDto,VendorPaymentFormScreen (/purchases/:id/pay)
96,Epic 04 - Purchasing & GRN,/api/vendor-payments/{id},PUT,Update vendor payout voucher,Integrated & Live Verified,lib/features/purchasing/data/repositories/vendor_payment_repository.dart,VendorPaymentDto,VendorPaymentFormScreen (/purchases/:id/pay)
97,Epic 04 - Purchasing & GRN,/api/vendor-payments/{id},DELETE,Delete vendor payout voucher,Integrated & Live Verified,lib/features/purchasing/data/repositories/vendor_payment_repository.dart,VendorPaymentDto,VendorPaymentFormScreen (/purchases/:id/pay)
98,Epic 05 - Inventory & Stock,/api/stock-balances,GET,List real-time warehouse stock balances and valuation,Integrated & Live Verified,lib/features/inventory/data/repositories/inventory_repository.dart,StockBalanceDto,StockDashboardScreen (/inventory)
99,Epic 05 - Inventory & Stock,/api/stock-balances,POST,Create stock balance record,Integrated & Live Verified,lib/features/inventory/data/repositories/inventory_repository.dart,StockBalanceDto,StockDashboardScreen (/inventory)
100,Epic 05 - Inventory & Stock,/api/stock-balances/{id},GET,Get stock balance by ID,Integrated & Live Verified,lib/features/inventory/data/repositories/inventory_repository.dart,StockBalanceDto,StockDashboardScreen (/inventory)
101,Epic 05 - Inventory & Stock,/api/stock-balances/{id},PUT,Adjust stock balance,Integrated & Live Verified,lib/features/inventory/data/repositories/inventory_repository.dart,StockBalanceDto,StockDashboardScreen (/inventory)
102,Epic 05 - Inventory & Stock,/api/stock-balances/{id},DELETE,Delete stock balance record,Integrated & Live Verified,lib/features/inventory/data/repositories/inventory_repository.dart,StockBalanceDto,StockDashboardScreen (/inventory)
103,Epic 05 - Inventory & Stock,/api/stock-transactions,GET,List inventory movement transactions ledger,Integrated & Live Verified,lib/features/inventory/data/repositories/stock_transaction_repository.dart,StockTransactionDto,StockMovementScreen (/inventory/movements)
104,Epic 05 - Inventory & Stock,/api/stock-transactions,POST,Log stock movement transaction,Integrated & Live Verified,lib/features/inventory/data/repositories/stock_transaction_repository.dart,StockTransactionDto,StockMovementScreen (/inventory/movements)
105,Epic 05 - Inventory & Stock,/api/stock-transactions/{id},GET,Get stock transaction by ID,Integrated & Live Verified,lib/features/inventory/data/repositories/stock_transaction_repository.dart,StockTransactionDto,StockMovementScreen (/inventory/movements)
106,Epic 05 - Inventory & Stock,/api/stock-transactions/{id},PUT,Update stock transaction,Integrated & Live Verified,lib/features/inventory/data/repositories/stock_transaction_repository.dart,StockTransactionDto,StockMovementScreen (/inventory/movements)
107,Epic 05 - Inventory & Stock,/api/stock-transactions/{id},DELETE,Delete stock transaction,Integrated & Live Verified,lib/features/inventory/data/repositories/stock_transaction_repository.dart,StockTransactionDto,StockMovementScreen (/inventory/movements)
108,Epic 05 - Inventory & Stock,/api/audit-logs,GET,List inventory change audit logs,Integrated & Live Verified,lib/features/inventory/data/repositories/audit_log_repository.dart,AuditLogDto,StockDashboardScreen (/inventory)
109,Epic 05 - Inventory & Stock,/api/audit-logs,POST,Create inventory audit log,Integrated & Live Verified,lib/features/inventory/data/repositories/audit_log_repository.dart,AuditLogDto,StockDashboardScreen (/inventory)
110,Epic 05 - Inventory & Stock,/api/audit-logs/{id},GET,Get audit log by ID,Integrated & Live Verified,lib/features/inventory/data/repositories/audit_log_repository.dart,AuditLogDto,StockDashboardScreen (/inventory)
111,Epic 05 - Inventory & Stock,/api/audit-logs/{id},PUT,Update audit log entry,Integrated & Live Verified,lib/features/inventory/data/repositories/audit_log_repository.dart,AuditLogDto,StockDashboardScreen (/inventory)
112,Epic 05 - Inventory & Stock,/api/audit-logs/{id},DELETE,Delete audit log entry,Integrated & Live Verified,lib/features/inventory/data/repositories/audit_log_repository.dart,AuditLogDto,StockDashboardScreen (/inventory)
113,Epic 06 - BOM & Recipes,/api/b-o-m-headers,GET,List Bill of Materials (BOM) recipes,Integrated & Live Verified,lib/features/production/bom/data/repositories/bom_repository.dart,BomHeaderDto,BomListScreen (/bom)
114,Epic 06 - BOM & Recipes,/api/b-o-m-headers,POST,Create BOM formula with scrap allowance,Integrated & Live Verified,lib/features/production/bom/data/repositories/bom_repository.dart,BomHeaderDto,BomFormScreen (/bom/new)
115,Epic 06 - BOM & Recipes,/api/b-o-m-headers/{id},GET,Get BOM recipe details,Integrated & Live Verified,lib/features/production/bom/data/repositories/bom_repository.dart,BomHeaderDto,BomDetailScreen (/bom/:id)
116,Epic 06 - BOM & Recipes,/api/b-o-m-headers/{id},PUT,Update BOM formula,Integrated & Live Verified,lib/features/production/bom/data/repositories/bom_repository.dart,BomHeaderDto,BomFormScreen (/bom/:id/edit)
117,Epic 06 - BOM & Recipes,/api/b-o-m-headers/{id},DELETE,Delete BOM recipe,Integrated & Live Verified,lib/features/production/bom/data/repositories/bom_repository.dart,BomHeaderDto,BomListScreen (/bom)
118,Epic 06 - BOM & Recipes,/api/b-o-m-details,GET,List BOM recipe ingredients and ratios,Integrated & Live Verified,lib/features/production/bom/data/repositories/bom_repository.dart,BomDetailDto,BomDetailScreen (/bom/:id)
119,Epic 06 - BOM & Recipes,/api/b-o-m-details,POST,Add ingredient item to BOM,Integrated & Live Verified,lib/features/production/bom/data/repositories/bom_repository.dart,BomDetailDto,BomFormScreen (/bom/new)
120,Epic 06 - BOM & Recipes,/api/b-o-m-details/{id},GET,Get BOM ingredient item by ID,Integrated & Live Verified,lib/features/production/bom/data/repositories/bom_repository.dart,BomDetailDto,BomDetailScreen (/bom/:id)
121,Epic 06 - BOM & Recipes,/api/b-o-m-details/{id},PUT,Update BOM ingredient item,Integrated & Live Verified,lib/features/production/bom/data/repositories/bom_repository.dart,BomDetailDto,BomFormScreen (/bom/:id/edit)
122,Epic 06 - BOM & Recipes,/api/b-o-m-details/{id},DELETE,Remove ingredient item from BOM,Integrated & Live Verified,lib/features/production/bom/data/repositories/bom_repository.dart,BomDetailDto,BomDetailScreen (/bom/:id)
123,Epic 07 - Production & QC,/api/production-orders,GET,List manufacturing production runs,Integrated & Live Verified,lib/features/production/data/repositories/production_repository.dart,ProductionOrderDto,ProductionOrderListScreen (/production)
124,Epic 07 - Production & QC,/api/production-orders,POST,Create new production run,Integrated & Live Verified,lib/features/production/data/repositories/production_repository.dart,ProductionOrderDto,ProductionOrderFormScreen (/production/new)
125,Epic 07 - Production & QC,/api/production-orders/{id},GET,Get production run details,Integrated & Live Verified,lib/features/production/data/repositories/production_repository.dart,ProductionOrderDto,ProductionStageTrackerScreen (/production/:id/track)
126,Epic 07 - Production & QC,/api/production-orders/{id},PUT,Update production run,Integrated & Live Verified,lib/features/production/data/repositories/production_repository.dart,ProductionOrderDto,ProductionStageTrackerScreen (/production/:id/track)
127,Epic 07 - Production & QC,/api/production-orders/{id},DELETE,Cancel production run,Integrated & Live Verified,lib/features/production/data/repositories/production_repository.dart,ProductionOrderDto,ProductionOrderListScreen (/production)
128,Epic 07 - Production & QC,/api/production-stages,GET,List factory 8-stage definitions,Integrated & Live Verified,lib/features/production/data/repositories/production_repository.dart,ProductionStageDto,ManufacturingFlowScreen (/manufacturing-flow)
129,Epic 07 - Production & QC,/api/production-stages,POST,Create stage definition,Integrated & Live Verified,lib/features/production/data/repositories/production_repository.dart,ProductionStageDto,ManufacturingFlowScreen (/manufacturing-flow)
130,Epic 07 - Production & QC,/api/production-stages/{id},GET,Get stage definition by ID,Integrated & Live Verified,lib/features/production/data/repositories/production_repository.dart,ProductionStageDto,ManufacturingFlowScreen (/manufacturing-flow)
131,Epic 07 - Production & QC,/api/production-stages/{id},PUT,Update stage definition,Integrated & Live Verified,lib/features/production/data/repositories/production_repository.dart,ProductionStageDto,ManufacturingFlowScreen (/manufacturing-flow)
132,Epic 07 - Production & QC,/api/production-stages/{id},DELETE,Delete stage definition,Integrated & Live Verified,lib/features/production/data/repositories/production_repository.dart,ProductionStageDto,ManufacturingFlowScreen (/manufacturing-flow)
133,Epic 07 - Production & QC,/api/production-stage-entries,GET,List stage execution entries,Integrated & Live Verified,lib/features/production/data/repositories/production_repository.dart,ProductionStageEntryDto,ProductionStageTrackerScreen (/production/:id/track)
134,Epic 07 - Production & QC,/api/production-stage-entries,POST,Complete stage execution,Integrated & Live Verified,lib/features/production/data/repositories/production_repository.dart,ProductionStageEntryDto,ProductionStageTrackerScreen (/production/:id/track)
135,Epic 07 - Production & QC,/api/production-stage-entries/{id},GET,Get stage entry by ID,Integrated & Live Verified,lib/features/production/data/repositories/production_repository.dart,ProductionStageEntryDto,ProductionStageTrackerScreen (/production/:id/track)
136,Epic 07 - Production & QC,/api/production-stage-entries/{id},PUT,Update stage entry,Integrated & Live Verified,lib/features/production/data/repositories/production_repository.dart,ProductionStageEntryDto,ProductionStageTrackerScreen (/production/:id/track)
137,Epic 07 - Production & QC,/api/production-stage-entries/{id},DELETE,Delete stage entry,Integrated & Live Verified,lib/features/production/data/repositories/production_repository.dart,ProductionStageEntryDto,ProductionStageTrackerScreen (/production/:id/track)
138,Epic 07 - Production & QC,/api/production-material-issues,GET,List issued raw materials,Integrated & Live Verified,lib/features/production/data/repositories/production_repository.dart,ProductionMaterialIssueDto,ProductionStageTrackerScreen (/production/:id/track)
139,Epic 07 - Production & QC,/api/production-material-issues,POST,Issue raw material to floor,Integrated & Live Verified,lib/features/production/data/repositories/production_repository.dart,ProductionMaterialIssueDto,ProductionStageTrackerScreen (/production/:id/track)
140,Epic 07 - Production & QC,/api/production-material-issues/{id},GET,Get material issue by ID,Integrated & Live Verified,lib/features/production/data/repositories/production_repository.dart,ProductionMaterialIssueDto,ProductionStageTrackerScreen (/production/:id/track)
141,Epic 07 - Production & QC,/api/production-material-issues/{id},PUT,Update material issue,Integrated & Live Verified,lib/features/production/data/repositories/production_repository.dart,ProductionMaterialIssueDto,ProductionStageTrackerScreen (/production/:id/track)
142,Epic 07 - Production & QC,/api/production-material-issues/{id},DELETE,Delete material issue,Integrated & Live Verified,lib/features/production/data/repositories/production_repository.dart,ProductionMaterialIssueDto,ProductionStageTrackerScreen (/production/:id/track)
143,Epic 07 - Production & QC,/api/production-outputs,GET,List Good and Rejected production outputs,Integrated & Live Verified,lib/features/production/data/repositories/production_repository.dart,ProductionOutputDto,ProductionStageTrackerScreen (/production/:id/track)
144,Epic 07 - Production & QC,/api/production-outputs,POST,Record output balance,Integrated & Live Verified,lib/features/production/data/repositories/production_repository.dart,ProductionOutputDto,ProductionStageTrackerScreen (/production/:id/track)
145,Epic 07 - Production & QC,/api/production-outputs/{id},GET,Get output record by ID,Integrated & Live Verified,lib/features/production/data/repositories/production_repository.dart,ProductionOutputDto,ProductionStageTrackerScreen (/production/:id/track)
146,Epic 07 - Production & QC,/api/production-outputs/{id},PUT,Update output record,Integrated & Live Verified,lib/features/production/data/repositories/production_repository.dart,ProductionOutputDto,ProductionStageTrackerScreen (/production/:id/track)
147,Epic 07 - Production & QC,/api/production-outputs/{id},DELETE,Delete output record,Integrated & Live Verified,lib/features/production/data/repositories/production_repository.dart,ProductionOutputDto,ProductionStageTrackerScreen (/production/:id/track)
148,Epic 07 - Production & QC,/api/quality-checks,GET,List QC gate inspection tests,Integrated & Live Verified,lib/features/production/data/repositories/quality_check_repository.dart,QualityCheckDto,ProductionStageTrackerScreen (/production/:id/track)
149,Epic 07 - Production & QC,/api/quality-checks,POST,Submit QC inspection pass/fail result,Integrated & Live Verified,lib/features/production/data/repositories/quality_check_repository.dart,QualityCheckDto,ProductionStageTrackerScreen (/production/:id/track)
150,Epic 07 - Production & QC,/api/quality-checks/{id},GET,Get QC inspection by ID,Integrated & Live Verified,lib/features/production/data/repositories/quality_check_repository.dart,QualityCheckDto,ProductionStageTrackerScreen (/production/:id/track)
151,Epic 07 - Production & QC,/api/quality-checks/{id},PUT,Update QC inspection result,Integrated & Live Verified,lib/features/production/data/repositories/quality_check_repository.dart,QualityCheckDto,ProductionStageTrackerScreen (/production/:id/track)
152,Epic 07 - Production & QC,/api/quality-checks/{id},DELETE,Delete QC inspection,Integrated & Live Verified,lib/features/production/data/repositories/quality_check_repository.dart,QualityCheckDto,ProductionStageTrackerScreen (/production/:id/track)
153,Epic 08 - Waste & Scrap,/api/waste-entries,GET,List waste and scrap generation logs,Integrated & Live Verified,lib/features/waste/data/repositories/waste_repository.dart,WasteEntryDto,WasteListScreen (/waste)
154,Epic 08 - Waste & Scrap,/api/waste-entries,POST,Record scrap and repulping loss,Integrated & Live Verified,lib/features/waste/data/repositories/waste_repository.dart,WasteEntryDto,WasteEntryFormScreen (/waste/new)
155,Epic 08 - Waste & Scrap,/api/waste-entries/{id},GET,Get waste entry by ID,Integrated & Live Verified,lib/features/waste/data/repositories/waste_repository.dart,WasteEntryDto,WasteListScreen (/waste)
156,Epic 08 - Waste & Scrap,/api/waste-entries/{id},PUT,Update waste entry,Integrated & Live Verified,lib/features/waste/data/repositories/waste_repository.dart,WasteEntryDto,WasteListScreen (/waste)
157,Epic 08 - Waste & Scrap,/api/waste-entries/{id},DELETE,Delete waste entry,Integrated & Live Verified,lib/features/waste/data/repositories/waste_repository.dart,WasteEntryDto,WasteListScreen (/waste)
158,Epic 08 - Waste & Scrap,/api/waste-reasons,GET,List standardized defect reason codes,Integrated & Live Verified,lib/features/waste/data/repositories/waste_repository.dart,WasteReasonDto,WasteReasonScreen (/waste/reasons)
159,Epic 08 - Waste & Scrap,/api/waste-reasons,POST,Create defect reason code,Integrated & Live Verified,lib/features/waste/data/repositories/waste_repository.dart,WasteReasonDto,WasteReasonScreen (/waste/reasons)
160,Epic 08 - Waste & Scrap,/api/waste-reasons/{id},GET,Get defect reason by ID,Integrated & Live Verified,lib/features/waste/data/repositories/waste_repository.dart,WasteReasonDto,WasteReasonScreen (/waste/reasons)
161,Epic 08 - Waste & Scrap,/api/waste-reasons/{id},PUT,Update defect reason code,Integrated & Live Verified,lib/features/waste/data/repositories/waste_repository.dart,WasteReasonDto,WasteReasonScreen (/waste/reasons)
162,Epic 08 - Waste & Scrap,/api/waste-reasons/{id},DELETE,Delete defect reason code,Integrated & Live Verified,lib/features/waste/data/repositories/waste_repository.dart,WasteReasonDto,WasteReasonScreen (/waste/reasons)
163,Epic 09 - Sales & Invoicing,/api/sales,GET,List customer sales orders and invoices,Integrated & Live Verified,lib/features/sales/data/repositories/sales_repository.dart,SaleDto,SalesListScreen (/sales)
164,Epic 09 - Sales & Invoicing,/api/sales,POST,Create customer sales order,Integrated & Live Verified,lib/features/sales/data/repositories/sales_repository.dart,SaleDto,SalesFormScreen (/sales/new)
165,Epic 09 - Sales & Invoicing,/api/sales/{id},GET,Get sales order and invoice details,Integrated & Live Verified,lib/features/sales/data/repositories/sales_repository.dart,SaleDto,SalesDetailScreen (/sales/:id)
166,Epic 09 - Sales & Invoicing,/api/sales/{id},PUT,Update sales order,Integrated & Live Verified,lib/features/sales/data/repositories/sales_repository.dart,SaleDto,SalesDetailScreen (/sales/:id)
167,Epic 09 - Sales & Invoicing,/api/sales/{id},DELETE,Cancel sales order,Integrated & Live Verified,lib/features/sales/data/repositories/sales_repository.dart,SaleDto,SalesListScreen (/sales)
168,Epic 09 - Sales & Invoicing,/api/sale-details,GET,List sales line items and taxes,Integrated & Live Verified,lib/features/sales/data/repositories/sales_repository.dart,SaleDetailDto,SalesDetailScreen (/sales/:id)
169,Epic 09 - Sales & Invoicing,/api/sale-details,POST,Add item to sales order,Integrated & Live Verified,lib/features/sales/data/repositories/sales_repository.dart,SaleDetailDto,SalesFormScreen (/sales/new)
170,Epic 09 - Sales & Invoicing,/api/sale-details/{id},GET,Get sales item by ID,Integrated & Live Verified,lib/features/sales/data/repositories/sales_repository.dart,SaleDetailDto,SalesDetailScreen (/sales/:id)
171,Epic 09 - Sales & Invoicing,/api/sale-details/{id},PUT,Update sales line item,Integrated & Live Verified,lib/features/sales/data/repositories/sales_repository.dart,SaleDetailDto,SalesDetailScreen (/sales/:id)
172,Epic 09 - Sales & Invoicing,/api/sale-details/{id},DELETE,Remove sales line item,Integrated & Live Verified,lib/features/sales/data/repositories/sales_repository.dart,SaleDetailDto,SalesDetailScreen (/sales/:id)
173,Epic 09 - Sales & Invoicing,/api/customer-payments,GET,List customer payment receipts,Integrated & Live Verified,lib/features/sales/data/repositories/customer_payment_repository.dart,CustomerPaymentDto,CustomerPaymentFormScreen (/sales/payments/new)
174,Epic 09 - Sales & Invoicing,/api/customer-payments,POST,Record customer payment receipt,Integrated & Live Verified,lib/features/sales/data/repositories/customer_payment_repository.dart,CustomerPaymentDto,CustomerPaymentFormScreen (/sales/payments/new)
175,Epic 09 - Sales & Invoicing,/api/customer-payments/{id},GET,Get payment receipt by ID,Integrated & Live Verified,lib/features/sales/data/repositories/customer_payment_repository.dart,CustomerPaymentDto,CustomerPaymentFormScreen (/sales/payments/new)
176,Epic 09 - Sales & Invoicing,/api/customer-payments/{id},PUT,Update payment receipt,Integrated & Live Verified,lib/features/sales/data/repositories/customer_payment_repository.dart,CustomerPaymentDto,CustomerPaymentFormScreen (/sales/payments/new)
177,Epic 09 - Sales & Invoicing,/api/customer-payments/{id},DELETE,Delete payment receipt,Integrated & Live Verified,lib/features/sales/data/repositories/customer_payment_repository.dart,CustomerPaymentDto,CustomerPaymentFormScreen (/sales/payments/new)
178,Epic 10 - Dispatch Logistics,/api/deliveries,GET,List outward delivery challans,Integrated & Live Verified,lib/features/dispatch/data/repositories/delivery_repository.dart,DeliveryDto,DispatchHistoryScreen (/dispatch)
179,Epic 10 - Dispatch Logistics,/api/deliveries,POST,Create delivery challan and dispatch,Integrated & Live Verified,lib/features/dispatch/data/repositories/delivery_repository.dart,DeliveryDto,DeliveryFormScreen (/dispatch/new)
180,Epic 10 - Dispatch Logistics,/api/deliveries/{id},GET,Get delivery challan details,Integrated & Live Verified,lib/features/dispatch/data/repositories/delivery_repository.dart,DeliveryDto,DeliveryDetailScreen (/dispatch/:id)
181,Epic 10 - Dispatch Logistics,/api/deliveries/{id},PUT,Update delivery challan,Integrated & Live Verified,lib/features/dispatch/data/repositories/delivery_repository.dart,DeliveryDto,DeliveryDetailScreen (/dispatch/:id)
182,Epic 10 - Dispatch Logistics,/api/deliveries/{id},DELETE,Cancel delivery challan,Integrated & Live Verified,lib/features/dispatch/data/repositories/delivery_repository.dart,DeliveryDto,DispatchHistoryScreen (/dispatch)
183,Epic 10 - Dispatch Logistics,/api/delivery-details,GET,List dispatched shipment items,Integrated & Live Verified,lib/features/dispatch/data/repositories/delivery_repository.dart,DeliveryDetailDto,DeliveryDetailScreen (/dispatch/:id)
184,Epic 10 - Dispatch Logistics,/api/delivery-details,POST,Add item to delivery challan,Integrated & Live Verified,lib/features/dispatch/data/repositories/delivery_repository.dart,DeliveryDetailDto,DeliveryFormScreen (/dispatch/new)
185,Epic 10 - Dispatch Logistics,/api/delivery-details/{id},GET,Get dispatched item by ID,Integrated & Live Verified,lib/features/dispatch/data/repositories/delivery_repository.dart,DeliveryDetailDto,DeliveryDetailScreen (/dispatch/:id)
186,Epic 10 - Dispatch Logistics,/api/delivery-details/{id},PUT,Update dispatched item,Integrated & Live Verified,lib/features/dispatch/data/repositories/delivery_repository.dart,DeliveryDetailDto,DeliveryDetailScreen (/dispatch/:id)
187,Epic 10 - Dispatch Logistics,/api/delivery-details/{id},DELETE,Remove dispatched item,Integrated & Live Verified,lib/features/dispatch/data/repositories/delivery_repository.dart,DeliveryDetailDto,DeliveryDetailScreen (/dispatch/:id)
188,Epic 11 - Expenses,/api/expenses,GET,List operating expense vouchers,Integrated & Live Verified,lib/features/expenses/data/repositories/expense_repository.dart,ExpenseDto,ExpenseListScreen (/expenses)
189,Epic 11 - Expenses,/api/expenses,POST,Record operating expense voucher,Integrated & Live Verified,lib/features/expenses/data/repositories/expense_repository.dart,ExpenseDto,ExpenseFormScreen (/expenses/new)
190,Epic 11 - Expenses,/api/expenses/{id},GET,Get expense voucher by ID,Integrated & Live Verified,lib/features/expenses/data/repositories/expense_repository.dart,ExpenseDto,ExpenseListScreen (/expenses)
191,Epic 11 - Expenses,/api/expenses/{id},PUT,Update expense voucher,Integrated & Live Verified,lib/features/expenses/data/repositories/expense_repository.dart,ExpenseDto,ExpenseListScreen (/expenses)
192,Epic 11 - Expenses,/api/expenses/{id},DELETE,Delete expense voucher,Integrated & Live Verified,lib/features/expenses/data/repositories/expense_repository.dart,ExpenseDto,ExpenseListScreen (/expenses)
193,Epic 11 - Expenses,/api/expense-categories,GET,List expense category heads,Integrated & Live Verified,lib/features/expenses/data/repositories/expense_repository.dart,ExpenseCategoryDto,ExpenseCategoryScreen (/expenses/categories)
194,Epic 11 - Expenses,/api/expense-categories,POST,Create expense category head,Integrated & Live Verified,lib/features/expenses/data/repositories/expense_repository.dart,ExpenseCategoryDto,ExpenseCategoryScreen (/expenses/categories)
195,Epic 11 - Expenses,/api/expense-categories/{id},GET,Get expense category by ID,Integrated & Live Verified,lib/features/expenses/data/repositories/expense_repository.dart,ExpenseCategoryDto,ExpenseCategoryScreen (/expenses/categories)
196,Epic 11 - Expenses,/api/expense-categories/{id},PUT,Update expense category head,Integrated & Live Verified,lib/features/expenses/data/repositories/expense_repository.dart,ExpenseCategoryDto,ExpenseCategoryScreen (/expenses/categories)
197,Epic 11 - Expenses,/api/expense-categories/{id},DELETE,Delete expense category head,Integrated & Live Verified,lib/features/expenses/data/repositories/expense_repository.dart,ExpenseCategoryDto,ExpenseCategoryScreen (/expenses/categories)
198,Epic 12 - Dashboard & Alerts,/api/notifications,GET,List alert notifications,Integrated & Live Verified,lib/features/notifications/data/repositories/notification_repository.dart,NotificationDto,NotificationsScreen (/notifications)
199,Epic 12 - Dashboard & Alerts,/api/notifications,POST,Create system alert,Integrated & Live Verified,lib/features/notifications/data/repositories/notification_repository.dart,NotificationDto,NotificationsScreen (/notifications)
200,Epic 12 - Dashboard & Alerts,/api/notifications/{id},GET,Get notification by ID,Integrated & Live Verified,lib/features/notifications/data/repositories/notification_repository.dart,NotificationDto,NotificationsScreen (/notifications)
201,Epic 12 - Dashboard & Alerts,/api/notifications/{id},PUT,Mark notification as read,Integrated & Live Verified,lib/features/notifications/data/repositories/notification_repository.dart,NotificationDto,NotificationsScreen (/notifications)
202,Epic 12 - Dashboard & Alerts,/api/notifications/{id},DELETE,Delete notification,Integrated & Live Verified,lib/features/notifications/data/repositories/notification_repository.dart,NotificationDto,NotificationsScreen (/notifications)
